2015/04/27,443.859985,446.98999,437.410004,438.559998,5430900
2015/04/28,438.51001,439,428.040009,429.309998,4140500
2015/04/29,426.75,434.23999,426.029999,429.369995,3621700
2015/04/30,427.109985,431.75,419.23999,421.779999,3647900
2015/05/01,423.820007,425.640015,416,422.869995,3565800
2015/05/04,424.799988,429.769989,422.420013,423.040009,2270400
2015/05/05,422.850006,427.51001,421.019989,421.190002,2856400
2015/05/06,421.429993,422.720001,414.549988,419.100006,2552500
2015/05/07,424.149994,428.5,422.850006,426.880005,2766100
2015/05/08,430.75,435.200012,430.170013,433.690002,2908800
2015/05/11,432.51001,439,431.369995,432.850006,2393700
2015/05/12,431.079987,433.25,426.709991,431.019989,1947800
2015/05/13,429.980011,433.529999,425.799988,426.869995,1996300
2015/05/14,429.450012,433,427.01001,432.279999,1888500
2015/05/15,428,430.399994,424.299988,426,4240300
2015/05/18,426,427.269989,421.459991,425.23999,2268700
2015/05/19,424.869995,428.23999,420.630005,421.709991,2464200
2015/05/20,420.600006,427.100006,418.359985,423.859985,2196200
2015/05/21,428,436.899994,428,431.630005,4121400
2015/05/22,431.549988,432.440002,427.609985,427.630005,2020600
2015/05/26,426.200012,427,422,425.470001,2244200
2015/05/27,427.450012,431.850006,425.01001,431.420013,2231100
2015/05/28,429.709991,431.350006,425.470001,426.570007,1912400
2015/05/29,427.230011,432.5,427.230011,429.230011,3008600
2015/06/01,430.399994,433.160004,426.200012,430.920013,2253300
2015/06/02,430.070007,433.230011,426.25,430.98999,1668900
2015/06/03,434.399994,438.390015,432.75,436.589996,2727900
2015/06/04,434.399994,436.76001,429.26001,430.779999,2510800
2015/06/05,429.660004,430.799988,426.5,426.950012,1907900
2015/06/08,425.619995,426.799988,421.429993,423.5,2166900
2015/06/09,422.959991,427.48999,419.140015,425.480011,2288700
2015/06/10,426.459991,432.200012,425.660004,430.769989,2172300
2015/06/11,432.290009,438.890015,431.470001,432.970001,2922500
2015/06/12,431.25,432.359985,428.26001,429.920013,2054400
2015/06/15,427.660004,428.049988,422.640015,423.670013,2051000
2015/06/16,424.149994,427.970001,422.670013,427.26001,2296400
2015/06/17,428.359985,431.350006,424.75,427.809998,2185900
2015/06/18,430.299988,439.730011,429.410004,439.390015,3378400
2015/06/19,440.26001,444.98999,433.23999,434.920013,4495100
2015/06/22,437,439.23999,434.179993,436.290009,1823600
2015/06/23,435.589996,447.040009,433.690002,445.98999,3245000
2015/06/24,444.970001,446.470001,440.230011,440.839996,2620800
2015/06/25,438.070007,443.470001,436.390015,440.100006,2237500
2015/06/26,441.76001,443.48999,435.059998,438.100006,2624500
2015/06/29,434.980011,437,429,429.859985,2753200
2015/06/30,434.200012,435.570007,430.459991,434.089996,2596900
2015/07/01,439.350006,440,435.579987,437.390015,1987100
2015/07/02,437,438.200012,433.480011,437.709991,1343400
2015/07/06,435.230011,439.730011,433.519989,436.040009,1903200
2015/07/07,435.679993,437.730011,425.570007,436.720001,3454200
2015/07/08,434.350006,435.98999,428.829987,429.700012,2383100
2015/07/09,434.899994,438.720001,434.149994,434.390015,2271400
2015/07/10,440.48999,444.720001,439,443.51001,2401000
2015/07/13,448.290009,457.869995,447.540009,455.570007,3956800
2015/07/14,462.320007,469.600006,458.160004,465.570007,4736200
2015/07/15,463.040009,464.700012,460.200012,461.190002,2987400
2015/07/16,465.5,475.880005,464.799988,475.480011,4095600
2015/07/17,477.700012,485.420013,477.25,483.01001,4932200
2015/07/20,492.570007,493.200012,485.399994,488.100006,4752500
2015/07/21,487.899994,488.880005,482.549988,488,3181800
2015/07/22,485.98999,492.5,484.899994,488.269989,3114900
2015/07/23,491.660004,491.660004,475.700012,482.179993,9374400
2015/07/24,578.98999,580.570007,529.349976,529.419983,21909400
2015/07/27,527.75,544.950012,526.599976,531.409973,7491000
2015/07/28,536,536.390015,523.119995,526.030029,5273100
2015/07/29,530.919983,532.969971,525.02002,529,3752600
2015/07/30,527.650024,539.200012,524.289978,536.76001,3743100
2015/07/31,539.090027,542.840027,534.52002,536.150024,3025600
2015/08/03,537.450012,540.440002,529.359985,535.030029,3014200
2015/08/04,529.690002,536.950012,529.159973,531.900024,2934600
2015/08/05,538.799988,539.140015,534.119995,537.01001,2889400
2015/08/06,539.299988,542.73999,527.52002,529.460022,3820500
2015/08/07,529.159973,529.460022,518.210022,522.619995,3969200
2015/08/10,528.52002,532.280029,523,524,2615900
2015/08/11,523.650024,528.97998,522,527.460022,2657900
2015/08/12,523.75,527.5,513.059998,525.909973,3962300
2015/08/13,527.369995,534.659973,525.48999,529.659973,2895200
2015/08/14,528.25,534.109985,528.25,531.52002,1983200
2015/08/17,531.289978,538.73999,527.119995,535.219971,2581700
2015/08/18,535.039978,539.48999,533,535.02002,2071300
2015/08/19,533.73999,537.25,529,532.919983,2324000
2015/08/20,530.390015,533.25,515.77002,515.780029,4408000
2015/08/21,507.359985,512.330017,494.470001,494.470001,6706500
2015/08/24,463.579987,476.579987,451,463.369995,10097600
2015/08/25,487.48999,489.440002,466.25,466.369995,5679300
2015/08/26,484.019989,503.720001,478.76001,500.769989,6358600
2015/08/27,513.710022,522.690002,507.26001,518.369995,6114500
2015/08/28,517.5,521.5,513.039978,518.01001,2746700
2015/08/31,516.440002,519.409973,509.070007,512.890015,2983000
2015/09/01,499.140015,510,493.429993,496.540009,3864500
2015/09/02,505.089996,510.859985,497.720001,510.549988,3707100
2015/09/03,514.5,515.840027,502.570007,504.720001,3149700
2015/09/04,497.649994,502.850006,495.640015,499,2692500
2015/09/08,508.690002,518.349976,508.51001,517.539978,3810700
2015/09/09,524,529.950012,515.059998,516.890015,4338700
2015/09/10,515.150024,526.130005,514.780029,522.23999,2576000
2015/09/11,521.070007,529.440002,520.609985,529.440002,3227900
2015/09/14,529.440002,532.450012,518.580017,521.380005,3130200
2015/09/15,523.25,527.919983,517.200012,522.369995,2845600
2015/09/16,521.97998,528.299988,518.52002,527.390015,2252800
2015/09/17,526.97998,546.969971,526.570007,538.869995,4169500
2015/09/18,534.619995,546.23999,531.349976,540.26001,6125600
2015/09/21,544.330017,549.780029,539.590027,548.390015,3283300
2015/09/22,539.710022,543.549988,532.659973,538.400024,3841700
2015/09/23,538.299988,541.210022,534,536.070007,2237600
2015/09/24,530.549988,534.559998,522.869995,533.75,3501000
2015/09/25,542.570007,542.799988,521.400024,524.25,4031000
2015/09/28,520.02002,520.280029,494.329987,504.059998,5434500
2015/09/29,506,511.480011,490.5,496.070007,4457500
2015/09/30,505.440002,512.799988,501.670013,511.890015,3990400
2015/10/01,511,520.799988,506,520.719971,3768500
2015/10/02,512.98999,532.599976,508.100006,532.539978,4597800
2015/10/05,536.98999,545.909973,536,543.679993,3391400
2015/10/06,545.5,551.5,533.330017,537.47998,4502800
2015/10/07,541.789978,542,529,541.940002,3812100
2015/10/08,536.710022,539.390015,519.890015,533.159973,4676400
2015/10/09,534.47998,541.789978,530.27002,539.799988,3537400
2015/10/12,539.960022,550.820007,539.799988,550.190002,2776100
2015/10/13,546.26001,553.200012,543.099976,548.900024,2938000
2015/10/14,551.340027,552.25,539.679993,544.830017,3582100
2015/10/15,547.75,563,547,562.440002,4937000
2015/10/16,565.27002,570.940002,560.309998,570.76001,4315800
2015/10/19,570.76001,579,567.380005,573.150024,4375400
2015/10/20,572,573,555.280029,560.880005,4327900
2015/10/21,563.869995,565.25,552.52002,555.77002,3343600
2015/10/22,562.700012,569.150024,556.669983,563.909973,7779400
2015/10/23,617.679993,619.450012,595.359985,599.030029,10692700
2015/10/26,602.299988,609.849976,596.289978,608.609985,4269700
2015/10/27,608.599976,614.710022,605.530029,611.01001,3787100
2015/10/28,612.299988,617.22998,609.5,617.099976,3926200
2015/10/29,617.700012,627.539978,615.390015,626.549988,3858600
2015/10/30,626.01001,630.719971,625.280029,625.900024,3874400
2015/11/02,627.130005,628.630005,620.409973,628.349976,2816500
2015/11/03,629.530029,629.890015,622,625.309998,3246900
2015/11/04,627.76001,645.929993,627.349976,640.950012,4831800
2015/11/05,647.099976,657,643.090027,655.650024,4723800
2015/11/06,655,662.26001,652,659.369995,4092200
2015/11/09,658.650024,661.960022,647.849976,655.48999,4048800
2015/11/10,651.01001,660,647.26001,659.679993,3489500
2015/11/11,663.25,675.960022,663.25,673.25,5387300
2015/11/12,673,675.640015,664.219971,665.599976,4284700
2015/11/13,663.570007,667,640.450012,642.349976,6261100
2015/11/16,640.919983,649.98999,622.289978,647.809998,7435900
2015/11/17,650.650024,653.25,641,643.299988,4320200
2015/11/18,646.51001,664.880005,646.369995,663.539978,4469800
2015/11/19,664.98999,672.859985,659,661.27002,4705200
2015/11/20,667.940002,668.869995,657.570007,668.450012,3896100
2015/11/23,671.5,682.77002,670.119995,678.98999,4385100
2015/11/24,674.140015,675.799988,661.210022,671.150024,4543400
2015/11/25,675,679.700012,671.23999,675.340027,2697900
2015/11/27,680.799988,680.98999,672.099976,673.26001,1966800
2015/11/30,675.900024,681.289978,664.599976,664.799988,5693200
2015/12/01,673.75,681,667.859985,679.059998,4751200
2015/12/02,681,684.820007,674.25,676.01001,4273500
2015/12/03,679.440002,682.789978,661.47998,666.25,5064700
2015/12/04,666,674.780029,661.400024,672.640015,4534800
2015/12/07,674.73999,675.460022,660.5,669.830017,3732800
2015/12/08,663.130005,679.98999,659.789978,677.330017,3651900
2015/12/09,678,679,655.679993,664.789978,5158200
2015/12/10,665.590027,668.530029,659.559998,662.320007,3440200
2015/12/11,651.22998,657.880005,639.619995,640.150024,5474400
2015/12/14,641.75,658.590027,635.27002,657.909973,4329700
2015/12/15,665.030029,671.5,657.349976,658.640015,4753400
2015/12/16,663.559998,677.349976,659.320007,675.77002,3964500
2015/12/17,680,682.5,670.650024,670.650024,3681600
2015/12/18,668.650024,676.840027,664.130005,664.140015,6841300
2015/12/21,668.5,669.900024,658.929993,664.51001,3250900
2015/12/22,666.830017,668.48999,659.26001,663.150024,2664000
2015/12/23,666.5,666.599976,656.630005,663.700012,2722900
2015/12/24,663.349976,664.679993,660.599976,662.789978,1093000
2015/12/28,665.559998,675.5,665.5,675.200012,3775800
2015/12/29,677.97998,696.440002,677.890015,693.969971,5735000
2015/12/30,691.890015,695.48999,686.380005,689.070007,3519000
2015/12/31,686.080017,687.75,675.890015,675.890015,3749600
2016/01/04,656.289978,657.719971,627.51001,636.98999,9314500
2016/01/05,646.859985,646.909973,627.650024,633.789978,5822600
2016/01/06,622,639.789978,620.309998,632.650024,5329200
2016/01/07,621.799988,630,605.210022,607.940002,7074900
2016/01/08,619.659973,624.140015,606,607.049988,5512900
2016/01/11,612.47998,619.849976,598.570007,617.73999,4869200
2016/01/12,625.25,625.98999,612.23999,617.890015,4724100
2016/01/13,620.880005,620.880005,579.159973,581.809998,7655200
2016/01/14,580.25,602.25,569.880005,593,7238000
2016/01/15,572.23999,584.619995,565.299988,570.179993,7784500
2016/01/19,577.090027,584,566.450012,574.47998,4807200
2016/01/20,564.359985,578.450012,547.179993,571.77002,7966400
2016/01/21,573.580017,588.809998,568.219971,575.02002,4952200
2016/01/22,588.72998,600.099976,584.109985,596.380005,5120100
2016/01/25,597.98999,608.5,594.559998,596.530029,4396100
2016/01/26,603.450012,604.5,590.380005,601.25,3743200
2016/01/27,601.98999,603.390015,578.780029,583.349976,5152900
2016/01/28,608.369995,638.059998,597.549988,635.349976,14015200
2016/01/29,571.97998,593,570,587,14677600
2016/02/01,578.150024,581.799988,570.309998,574.809998,6355100
2016/02/02,570,571.559998,550.090027,552.099976,6312000
2016/02/03,553.5,556,521.900024,531.070007,10048700
2016/02/04,525,538.98999,519.219971,536.26001,6176600
2016/02/05,529.280029,529.450012,499.190002,502.130005,9708900
2016/02/08,486.470001,493.5,475.209991,488.100006,9825500
2016/02/09,478.01001,498.380005,474,482.070007,7045900
2016/02/10,491.76001,504.660004,486,490.480011,6786200
2016/02/11,491.170013,509.299988,484,503.820007,7397400
2016/02/12,510.700012,516.75,501.48999,507.079987,5384800
2016/02/16,519.47998,524.450012,511.660004,521.099976,5118500
2016/02/17,528.73999,537.47998,519.390015,534.099976,4824000
2016/02/18,541.190002,541.200012,523.72998,525,4735000
2016/02/19,520.710022,535.950012,515.349976,534.900024,4974700
2016/02/22,542.200012,560.650024,541.080017,559.5,5566600
2016/02/23,555.549988,556.909973,545.330017,552.940002,4050800
2016/02/24,545.75,554.27002,533.150024,554.039978,6231700
2016/02/25,555.52002,559.390015,545.289978,555.150024,4510500
2016/02/26,560.119995,562.5,553.169983,555.22998,4877000
2016/02/29,554,564.809998,552.51001,552.52002,4145400
2016/03/01,556.289978,579.25,556,579.039978,5038500
2016/03/02,581.75,585,573.700012,580.210022,4582200
2016/03/03,577.960022,579.869995,573.109985,577.48999,2736700
2016/03/04,581.070007,581.400024,571.070007,575.140015,3416500
2016/03/07,573.539978,573.630005,555.549988,562.799988,4926900
2016/03/08,557.869995,571.349976,554.73999,560.26001,4730000
2016/03/09,559.559998,560.349976,550.130005,559.469971,4377300
2016/03/10,566.73999,567,547.900024,558.929993,3914300
2016/03/11,566.950012,570.059998,562.72998,569.609985,3771300
2016/03/14,567,576.890015,563.049988,573.369995,3454200
2016/03/15,571,581.52002,567,577.02002,3876800
2016/03/16,576.640015,581.320007,571.140015,574.27002,3537700
2016/03/17,569.51001,571.400024,555.01001,559.440002,5928100
2016/03/18,560.940002,562.330017,546.090027,552.080017,7296900
2016/03/21,548.909973,555.23999,538.580017,553.97998,5155700
2016/03/22,545.109985,562.76001,545.049988,560.47998,4000600
2016/03/23,561,572.47998,558.099976,569.630005,3983700
2016/03/24,567.109985,583.549988,567.080017,582.950012,5185500
2016/03/28,584.400024,584.75,575.559998,579.869995,3121500
2016/03/29,580.150024,595.849976,576.5,593.859985,4167100
2016/03/30,596.710022,603.23999,595,598.690002,3890500
2016/03/31,599.280029,600.75,592.210022,593.640015,2681800
2016/04/01,590.48999,599.030029,588.299988,598.5,2917400
2016/04/04,599,599.5,590.549988,593.190002,2470800
2016/04/05,590.77002,593.469971,585.25,586.140015,2308900
2016/04/06,587.52002,602.390015,587.5,602.080017,2833500
2016/04/07,598.76001,599.599976,589.080017,591.429993,3189000
2016/04/08,594.320007,597.859985,589,594.599976,2591900
2016/04/11,596.140015,604,594.909973,595.929993,2704300
2016/04/12,598.400024,604.059998,592.309998,603.169983,2636300
2016/04/13,607.679993,616.809998,605.289978,614.820007,4228300
2016/04/14,615.070007,624.380005,615.070007,620.75,3474300
2016/04/15,621.919983,626.77002,618.109985,625.890015,2887700
2016/04/18,625.349976,637.640015,624.960022,635.349976,4336400
2016/04/19,637.140015,638.01001,620.799988,627.900024,4055900
2016/04/20,630,636.549988,623,632.98999,2609400
2016/04/21,631,637.820007,628.5,631,2596300
2016/04/22,624.469971,628.25,611.559998,620.5,5083900
2016/04/25,616.609985,626.97998,616.25,626.200012,2682900
2016/04/26,626.169983,626.75,614.880005,616.880005,2521400
2016/04/27,611.799988,615.950012,601.280029,606.570007,4068800
2016/04/28,615.539978,626.799988,599.200012,602,7872600
2016/04/29,666,669.97998,654,659.590027,10310700
2016/05/02,663.919983,685.5,662.030029,683.849976,6578500
2016/05/03,677.359985,680.299988,670.429993,671.320007,4923400
2016/05/04,662.590027,674,662.140015,670.900024,4574500
2016/05/05,673.309998,676.48999,656,659.090027,4884100
2016/05/06,656.049988,676.950012,656.01001,673.950012,4365300
2016/05/09,673.950012,686.97998,671.409973,679.75,3982200
2016/05/10,694,704.549988,693.5,703.070007,6087000
2016/05/11,705.789978,719,701.650024,713.22998,7338200
2016/05/12,717.380005,722.450012,711.51001,717.929993,5048200
2016/05/13,714.640015,719.25,706.51001,709.919983,4763400
2016/05/16,710.130005,713.25,700.280029,710.659973,5432900
2016/05/17,709.900024,714.469971,693.909973,695.27002,5121400
2016/05/18,689.559998,702.539978,688.76001,697.450012,4283200
2016/05/19,691.880005,699.400024,689.559998,698.52002,3025600
2016/05/20,701.049988,707.23999,700,702.799988,2916200
2016/05/23,704.25,706,696.419983,696.75,2579200
2016/05/24,698.01001,707.5,698,704.200012,3033800
2016/05/25,708,710.859985,705.52002,708.349976,3267700
2016/05/26,708.330017,715,707.289978,714.909973,2436800
2016/05/27,715,716.599976,711.099976,712.23999,2249200
2016/05/31,712.330017,724.22998,711.320007,722.789978,3618300
2016/06/01,720.900024,726.429993,718.219971,719.440002,3263100
2016/06/02,720.969971,728.280029,715.5,728.23999,3020700
2016/06/03,726.73999,727,718.429993,725.539978,3367300
2016/06/06,726.5,731.5,724.419983,726.72998,2704800
2016/06/07,729.890015,730,720.549988,723.73999,2732500
2016/06/08,726.400024,729.419983,721.599976,726.640015,2223400
2016/06/09,723.099976,728.909973,722.299988,727.650024,2170300
2016/06/10,722.349976,724.97998,714.210022,717.909973,3425700
2016/06/13,714.01001,721.98999,711.159973,715.23999,3352200
2016/06/14,712.330017,720.809998,712.27002,719.299988,2506900
2016/06/15,722,722.559998,713.349976,714.26001,2709400
2016/06/16,712.049988,718,705.299988,717.51001,3098000
2016/06/17,718.190002,718.200012,699.179993,706.390015,5897800
2016/06/20,713.5,721.309998,710.809998,714.01001,3677200
2016/06/21,715.719971,718.400024,712.719971,715.820007,2137500
2016/06/22,716.580017,717,707.570007,710.599976,2260500
2016/06/23,715.5,722.119995,712.5,722.080017,2825000
2016/06/24,693,712.530029,692.200012,698.960022,7632500
2016/06/27,692.01001,696.820007,682.119995,691.359985,5568000
2016/06/28,700,708,698.169983,707.950012,4037000
2016/06/29,715.75,719.5,713.539978,715.599976,3070100
2016/06/30,717.200012,719.369995,712.539978,715.619995,2855100
2016/07/01,717.320007,728,716.539978,725.679993,2920400
2016/07/05,722.799988,729.559998,719.609985,728.099976,2431400
2016/07/06,725.710022,737.77002,722.580017,737.609985,3938200
2016/07/07,739.330017,739.549988,731.630005,736.570007,2936700
2016/07/08,740.140015,746.099976,738,745.809998,3429200
2016/07/11,750,755.900024,747,753.780029,3195300
2016/07/12,756.859985,757.340027,740.330017,748.210022,5623700
2016/07/13,746.76001,756.869995,741.25,742.630005,4142300
2016/07/14,748.859985,749.039978,739.02002,741.200012,2390500
2016/07/15,746.549988,746.549988,734.049988,735.440002,3121400
2016/07/18,735.48999,741.599976,728.719971,736.070007,2954900
2016/07/19,732.5,743.330017,732.309998,739.950012,2216800
2016/07/20,744,746.25,740.700012,745.719971,2214000
2016/07/21,747.5,749.359985,742.789978,744.429993,2317100
2016/07/22,747.789978,751.280029,743.530029,744.859985,2277700
2016/07/25,746.549988,748.5,735.349976,739.609985,2679300
2016/07/26,742.710022,743.130005,732.75,735.590027,2529700
2016/07/27,737.969971,740.940002,733.859985,736.669983,2831800
2016/07/28,745.97998,753.359985,739.700012,752.609985,7617600
2016/07/29,765,766,755,758.809998,6777100
2016/08/01,759.869995,770.5,757.059998,767.73999,3578200
2016/08/02,763.809998,765.01001,757.02002,760.580017,3603300
2016/08/03,757.059998,758.890015,752.25,754.640015,3581500
2016/08/04,753.700012,765,750.349976,760.77002,3176000
2016/08/05,764.809998,768.469971,763.090027,765.97998,2704400
2016/08/08,766.809998,767,761.02002,766.559998,1986300
2016/08/09,767.390015,772.599976,766.900024,768.309998,1876100
2016/08/10,769.799988,772.099976,766.190002,768.559998,1604300
2016/08/11,769.940002,773.75,769.119995,771.23999,2016300
2016/08/12,768.460022,773.150024,768.419983,772.559998,1563300
2016/08/15,771.900024,772.039978,767.710022,768.48999,2118500
2016/08/16,768.619995,768.72998,763.820007,764.039978,1604600
2016/08/17,764.409973,765.219971,759.200012,764.630005,1891100
2016/08/18,764,765.169983,760.599976,764.460022,1458800
2016/08/19,761.900024,762.48999,756.890015,757.309998,2343200
2016/08/22,757.5,759.849976,752.099976,759.47998,1679300
2016/08/23,763.309998,764.700012,761,762.450012,1524100
2016/08/24,763,763.409973,755.359985,757.25,1744100
2016/08/25,756,760.559998,754.73999,759.219971,1623000
2016/08/26,760.049988,770,759.799988,769,2776800
2016/08/29,768.719971,774.97998,768.599976,771.289978,2185700
2016/08/30,771.049988,771.840027,765.559998,767.580017,1709200
2016/08/31,766.599976,769.640015,764,769.159973,1633800
2016/09/01,770.900024,772.039978,766.75,770.619995,1792300
2016/09/02,774.109985,776,771.700012,772.440002,2181800
2016/09/06,774.039978,789.47998,770.219971,788.869995,3719800
2016/09/07,789.530029,790.789978,784.330017,784.47998,2424600
2016/09/08,783.890015,786.5,781.440002,784.059998,2026400
2016/09/09,779.359985,781,760.109985,760.140015,4257300
2016/09/12,757.349976,772.659973,756,771.48999,3124700
2016/09/13,768.77002,769.890015,759.049988,761.01001,3117200
2016/09/14,762.200012,767.5,758.849976,761.090027,2523000
2016/09/15,762,770.869995,757.580017,769.690002,3034000
2016/09/16,773.280029,780.460022,771.659973,778.52002,5499200
2016/09/19,779.969971,781.940002,771,775.099976,2292500
2016/09/20,776,781.369995,776,780.219971,1937200
2016/09/21,783.25,790.690002,779.01001,789.73999,2718600
2016/09/22,794.27002,805.890015,794.27002,804.700012,4078900
2016/09/23,803.130005,807.75,802.119995,805.75,2353500
2016/09/26,801.799988,805.929993,797.150024,799.159973,2651400
2016/09/27,801.849976,816.640015,801.109985,816.109985,3819600
2016/09/28,818,830.140015,817.030029,828.719971,4422100
2016/09/29,828.26001,837.5,824.630005,829.049988,4922200
2016/09/30,832.609985,839.950012,832.400024,837.309998,4430600
2016/10/03,836,839.859985,831.25,836.73999,2769400
2016/10/04,840.909973,842.369995,830.26001,834.030029,2950300
2016/10/05,838,845.669983,836.119995,844.359985,3469100
2016/10/06,843.700012,847.210022,840.599976,841.659973,2684000
2016/10/07,845.789978,845.950012,837.450012,839.429993,2426200
2016/10/10,843.25,845.200012,840.27002,841.710022,1818000
2016/10/11,841.02002,841.289978,828.349976,831,3588200
2016/10/12,834,837.669983,830.099976,834.090027,2380400
2016/10/13,829,831.799988,821.210022,829.280029,3091400
2016/10/14,835.080017,835.73999,822.960022,822.960022,2999800
2016/10/17,821.5,822,811.679993,812.950012,3361500
2016/10/18,822.109985,823.26001,815.02002,817.650024,2480800
2016/10/19,820.400024,820.669983,815.169983,817.690002,2090700
2016/10/20,813.98999,815.710022,803.099976,810.320007,3152000
2016/10/21,809.359985,819.419983,809,818.98999,2793000
2016/10/24,824.950012,838.299988,822.210022,838.090027,4060900
2016/10/25,839.299988,843.090027,833.219971,835.179993,3248400
2016/10/26,832.76001,833.440002,820,822.590027,3998100
2016/10/27,831.23999,831.719971,815.429993,818.359985,7406400
2016/10/28,782,789.48999,774.609985,776.320007,10841100
2016/10/31,781.030029,793.700012,780.109985,789.820007,5413300
2016/11/01,799,800.840027,776.710022,785.409973,5305400
2016/11/02,783.929993,784.75,763.549988,765.559998,5026500
2016/11/03,765.049988,777,764,767.030029,3872500
2016/11/04,762.789978,766,753.22998,755.049988,5122100
2016/11/07,771.640015,787.72998,770.940002,784.929993,5984400
2016/11/08,784.969971,791.73999,779.099976,787.75,3373300
2016/11/09,764,777.5,760.090027,771.880005,8562900
2016/11/10,778.809998,778.830017,717.700012,742.380005,12747000
2016/11/11,735.72998,743.26001,728.900024,739.01001,6622800
2016/11/14,745.51001,746,710.099976,719.070007,7283200
2016/11/15,730,746.780029,725.98999,743.23999,6755800
2016/11/16,739.880005,749.869995,735.609985,746.48999,3601400
2016/11/17,749.320007,757.5,748,756.400024,3690100
2016/11/18,761,767.73999,757.640015,760.159973,4373400
2016/11/21,766,780.349976,765.109985,780,4614600
2016/11/22,788.169983,792.400024,781,785.330017,5311300
2016/11/23,781.72998,781.75,773.119995,780.119995,3522500
2016/11/25,786.5,786.75,777.900024,780.369995,1837100
2016/11/28,776.98999,777,764.23999,766.77002,4438800
2016/11/29,768,769.890015,761.320007,762.52002,3272300
2016/11/30,762,768.090027,750.25,750.570007,4625900
2016/12/01,752.409973,753.369995,738.030029,743.650024,4666000
2016/12/02,743.400024,748.48999,736.700012,740.340027,3561300
2016/12/05,745,761.48999,742,759.359985,4314700
2016/12/06,763.98999,768.23999,757.25,764.719971,3794700
2016/12/07,764.549988,770.419983,755.820007,770.419983,3684900
2016/12/08,771.869995,773.789978,765.190002,767.330017,3189600
2016/12/09,770,770.25,765.340027,768.659973,2470900
2016/12/12,766.400024,766.890015,757.200012,760.119995,2963900
2016/12/13,764.960022,782.460022,762,774.340027,5285300
2016/12/14,778.25,780.859985,762.809998,768.820007,5454800
2016/12/15,766.280029,769.099976,760.309998,761,3801900
2016/12/16,765,765.130005,754,757.77002,4828700
2016/12/19,758.890015,770.5,756.159973,766,3113200
2016/12/20,768.650024,774.390015,767.710022,771.219971,2703600
2016/12/21,770,771.219971,765.700012,770.599976,2044600
2016/12/22,768.119995,771.210022,763.02002,766.340027,2543600
2016/12/23,764.549988,766.5,757.98999,760.590027,1976900
2016/12/27,763.400024,774.650024,761.200012,771.400024,2638700
2016/12/28,776.25,780,770.5,772.130005,3301000
2016/12/29,772.400024,773.400024,760.849976,765.150024,3153500
2016/12/30,766.469971,767.400024,748.280029,749.869995,4139400
2017/01/03,757.919983,758.76001,747.700012,753.669983,3521100
2017/01/04,758.390015,759.679993,754.200012,757.179993,2510500
2017/01/05,761.549988,782.400024,760.26001,780.450012,5830100
2017/01/06,782.359985,799.440002,778.47998,795.98999,5986200
2017/01/09,798,801.77002,791.77002,796.919983,3440100
2017/01/10,796.599976,798,789.539978,795.900024,2558400
2017/01/11,793.659973,799.5,789.51001,799.02002,2992800
2017/01/12,800.309998,814.130005,799.5,813.640015,4873900
2017/01/13,814.320007,821.650024,811.400024,817.140015,3791900
2017/01/17,815.700012,816,803.440002,809.719971,3659400
2017/01/18,809.5,811.72998,804.27002,807.47998,2354200
2017/01/19,810,813.51001,807.320007,809.039978,2540800
2017/01/20,815.280029,816.02002,806.26001,808.330017,3376200
2017/01/23,806.799988,818.5,805.080017,817.880005,2797500
2017/01/24,822,823.98999,814.5,822.440002,2971700
2017/01/25,825.789978,837.419983,825.289978,836.52002,3922600
2017/01/26,835.530029,843.840027,833,839.150024,3586300
2017/01/27,839,839.700012,829.440002,835.77002,2998700
2017/01/30,833,833.5,816.380005,830.380005,3747300
2017/01/31,823.75,826.98999,819.559998,823.47998,3137200
2017/02/01,829.210022,833.780029,824.940002,832.349976,3850200
2017/02/02,836.590027,842.48999,828.26001,839.950012,7350500
2017/02/03,806.719971,818.299988,804,810.200012,10868800
2017/02/06,809.799988,810.719971,803,807.640015,3897300
2017/02/07,809.309998,816.159973,807.5,812.5,3466100
2017/02/08,812.690002,821.47998,812.5,819.710022,2858000
2017/02/09,821.599976,825,819.710022,821.359985,2484900
2017/02/10,823.820007,828,822.849976,827.460022,2429600
2017/02/13,831.619995,843,828.549988,836.530029,4172600
2017/02/14,837,838.309998,831.450012,836.390015,2787900
2017/02/15,834,842.809998,832.820007,842.700012,2968900
2017/02/16,841.840027,845,839.380005,844.140015,2714700
2017/02/17,842,847.27002,840.72998,845.070007,3112300
2017/02/21,848.840027,857.97998,847.25,856.440002,3507700
2017/02/22,856.950012,858.429993,852.179993,855.609985,2617000
2017/02/23,857.570007,860.859985,848,852.190002,3462000
2017/02/24,844.690002,845.809998,837.75,845.23999,3688000
2017/02/27,842.380005,852.5,839.669983,848.640015,2713600
2017/02/28,851.450012,854.090027,842.049988,845.039978,2793700
2017/03/01,853.049988,854.830017,849.01001,853.080017,2760100
2017/03/02,853.080017,854.820007,847.280029,848.909973,2132100
2017/03/03,847.200012,851.98999,846.27002,849.880005,1941100
2017/03/06,845.22998,848.48999,841.119995,846.609985,2610400
2017/03/07,845.47998,848.460022,843.75,846.02002,2247600
2017/03/08,848,853.070007,846.789978,850.5,2286500
2017/03/09,851,856.400024,850.309998,853,2048200
2017/03/10,857,857.349976,851.719971,852.460022,2436400
2017/03/13,851.77002,855.690002,851.710022,854.590027,1909700
2017/03/14,853.549988,853.75,847.549988,852.530029,2130600
2017/03/15,854.330017,854.450012,847.109985,852.969971,2562200
2017/03/16,855.299988,855.5,850.51001,853.419983,1842300
2017/03/17,853.48999,853.830017,850.640015,852.309998,3384400
2017/03/20,851.51001,857.799988,851.01001,856.969971,2282700
2017/03/21,858.840027,862.799988,841.309998,843.200012,4382900
2017/03/22,840.429993,849.369995,839.049988,848.059998,2658700
2017/03/23,848.200012,850.890015,844.799988,847.380005,1953000
2017/03/24,851.679993,851.799988,843.530029,845.609985,2138300
2017/03/27,838.070007,850.299988,833.5,846.820007,2755800
2017/03/28,851.75,858.460022,850.099976,856,3041600
2017/03/29,859.049988,876.440002,859.02002,874.320007,4485800
2017/03/30,874.950012,877.059998,871.659973,876.340027,2762700
2017/03/31,877,890.349976,876.650024,886.539978,3957600
2017/04/03,888,893.48999,885.419983,891.51001,3422300
2017/04/04,891.5,908.539978,890.280029,906.830017,4984700
2017/04/05,910.820007,923.719971,905.619995,909.280029,7508400
2017/04/06,913.799988,917.190002,894.48999,898.280029,6344100
2017/04/07,899.650024,900.090027,889.309998,894.880005,3710900
2017/04/10,899.630005,908.51001,899,907.039978,3184300
2017/04/11,907.039978,911.23999,897.5,902.359985,3012700
2017/04/12,903.090027,904.090027,895.25,896.22998,2456100
2017/04/13,891.450012,894.969971,884.48999,884.669983,3174600
2017/04/17,887.5,902.380005,887.5,901.98999,2854700
2017/04/18,900.98999,909.609985,900.780029,903.780029,2999200
2017/04/19,907.840027,910.5,897.369995,899.200012,2870200
2017/04/20,899.700012,905.320007,896.289978,902.059998,2814400
2017/04/21,902.669983,903.650024,896.77002,898.530029,2420500
2017/04/24,908.679993,909.98999,903.820007,907.409973,3122900
2017/04/25,907.039978,909.47998,903,907.619995,3380600
2017/04/26,910.299988,915.75,907.559998,909.289978,2608900
2017/04/27,914.390015,921.859985,912.109985,918.380005,5305500
2017/04/28,948.830017,949.590027,924.330017,924.98999,7335800
2017/05/01,927.799988,954.400024,927.799988,948.22998,5466500
2017/05/02,946.650024,950.099976,941.409973,946.940002,3848800
2017/05/03,946,946,935.900024,941.030029,3582700
2017/05/04,944.75,945,934.219971,937.530029,2418400
2017/05/05,940.52002,940.789978,930.299988,934.150024,2866400
2017/05/08,940.950012,949.049988,939.210022,949.039978,3415700
2017/05/09,952.799988,957.890015,950.200012,952.820007,3262100
2017/05/10,953.5,953.75,945,948.950012,2096500
2017/05/11,945.109985,950.289978,940.780029,947.619995,2194100
2017/05/12,954.5,962.789978,951.530029,961.349976,3625900
2017/05/15,958.72998,963.150024,956.059998,957.969971,4270600
2017/05/16,961,970.059998,960.909973,966.070007,3126100
2017/05/17,954.700012,960.400024,944.119995,944.76001,5145600
2017/05/18,944.799988,962.75,944.76001,958.48999,3939300
2017/05/19,962.840027,968.919983,959.719971,959.840027,3972100
2017/05/22,964,971.380005,962.900024,970.669983,2642200
2017/05/23,975.02002,975.200012,966.849976,971.539978,2415600
2017/05/24,976,981,970.22998,980.349976,2446000
2017/05/25,984.849976,999,982.109985,993.380005,4822000
2017/05/26,995,998.650024,989.25,995.780029,3469200
2017/05/30,996.51001,1001.200012,995.52002,996.700012,3263100
2017/05/31,1000,1000.119995,982.159973,994.619995,3913100
2017/06/01,998.590027,998.98999,991.369995,995.950012,2454800
2017/06/02,998.98999,1008.47998,995.669983,1006.72998,3752300
2017/06/05,1007.22998,1013.210022,1003.51001,1011.340027,2719900
2017/06/06,1012,1016.5,1001.25,1003,3346400
2017/06/07,1005.950012,1010.25,1002,1010.070007,2823000
2017/06/08,1012.059998,1013.609985,1006.109985,1010.27002,2753300
2017/06/09,1012.5,1012.98999,927,978.309998,7647700
2017/06/12,967,975.950012,945,964.909973,9447200
2017/06/13,977.98999,984.5,966.099976,980.789978,4580000
2017/06/14,988.590027,990.340027,966.710022,976.469971,3974900
2017/06/15,958.700012,965.72998,950.859985,964.169983,5373900
2017/06/16,996,999.75,982,987.710022,11472700
2017/06/19,1017,1017,989.900024,995.169983,5043400
2017/06/20,998,1004.880005,992.02002,992.590027,4076800
2017/06/21,998.700012,1002.719971,992.650024,1002.22998,2922500
2017/06/22,1002.22998,1006.960022,997.200012,1001.299988,2253400
2017/06/23,1002.539978,1004.619995,998.02002,1003.73999,2879100
2017/06/26,1008.5,1009.799988,992,993.97998,3386200
2017/06/27,990.690002,998.799988,976,976.780029,3782400
2017/06/28,978.549988,990.679993,969.210022,990.330017,3737600
2017/06/29,979,987.559998,965.25,975.929993,4303000
2017/06/30,980.119995,983.469971,967.609985,968,3390300
2017/07/03,972.789978,974.48999,951,953.659973,2909100
2017/07/05,961.530029,975,955.25,971.400024,3653000
2017/07/06,964.659973,974.400024,959.02002,965.140015,3259600
2017/07/07,969.549988,980.109985,969.140015,978.76001,2643400
2017/07/10,985,999.440002,983.5,996.469971,3546300
2017/07/11,993,995.98999,983.719971,994.130005,2982700
2017/07/12,1000.650024,1008.549988,998.099976,1006.51001,3608600
2017/07/13,1004.619995,1006.880005,995.900024,1000.630005,2880800
2017/07/14,1002.400024,1004.450012,996.890015,1001.809998,2102500
2017/07/17,1004.690002,1014.75,1003.809998,1010.039978,3712600
2017/07/18,1006,1026.030029,1004,1024.449951,4007600
2017/07/19,1025,1031.589966,1022.5,1026.869995,2964000
2017/07/20,1031.589966,1034.969971,1022.52002,1028.699951,3097500
2017/07/21,1021.280029,1026.099976,1011,1025.670044,2734600
2017/07/24,1028.339966,1043.01001,1027.430054,1038.949951,3288000
2017/07/25,1038.050049,1043.329956,1032.47998,1039.869995,2447600
2017/07/26,1043.199951,1053.199951,1043.199951,1052.800049,2921300
2017/07/27,1069.550049,1083.310059,1040.180054,1046,10991700
2017/07/28,1012.140015,1032.849976,1001,1020.039978,7709400
2017/07/31,1019.049988,1019.049988,987.02002,987.780029,7352100
2017/08/01,996.109985,1006.400024,991.580017,996.190002,4572600
2017/08/02,1001.77002,1003.210022,981.72998,995.890015,4070000
2017/08/03,999.469971,999.5,984.590027,986.919983,3255800
2017/08/04,989.679993,991.669983,982,987.580017,2730300
2017/08/07,990.650024,995,987.140015,992.27002,2676600
2017/08/08,994.349976,996.280029,985.789978,989.840027,2902800
2017/08/09,982.599976,988,975.27002,982.01001,3569700
2017/08/10,976.299988,979.859985,954.679993,956.919983,5684100
2017/08/11,960,970.390015,951.380005,967.98999,3468000
2017/08/14,978.409973,985.5,976.190002,983.299988,3042800
2017/08/15,988.900024,991.73999,982,982.73999,2549300
2017/08/16,981.650024,986.460022,973.219971,978.179993,3132100
2017/08/17,977.840027,977.840027,960.320007,960.570007,3512400
2017/08/18,961.400024,965.429993,954.650024,958.469971,3284800
2017/08/21,957.570007,961.200012,945.460022,953.289978,3164500
2017/08/22,955.52002,967.929993,955.5,966.900024,2750000
2017/08/23,959.380005,962,954.200012,958,2668300
2017/08/24,957.419983,959,941.140015,952.450012,5195700
2017/08/25,956,957.619995,944.099976,945.26001,3324800
2017/08/28,946.539978,953,942.25,946.02002,2596700
2017/08/29,940,956,936.330017,954.059998,2874300
2017/08/30,958.440002,969.409973,956.909973,967.590027,2904600
2017/08/31,974.700012,981,972.76001,980.599976,3331500
2017/09/01,984.200012,984.5,976.880005,978.25,2535900
2017/09/05,975.400024,976.77002,960.369995,965.27002,2883200
2017/09/06,968.320007,971.840027,960.599976,967.799988,2129900
2017/09/07,974,980.590027,972.549988,979.469971,2566800
2017/09/08,979.099976,979.880005,963.469971,965.900024,2605300
2017/09/11,974.460022,981.940002,974.219971,977.960022,2186700
2017/09/12,983.27002,984.669983,975.52002,982.580017,2481100
2017/09/13,983.969971,1000,979.419983,999.599976,3374700
2017/09/14,996.799988,998.559998,987.73999,992.210022,3913300
2017/09/15,993.01001,996.25,984.030029,986.789978,3760200
2017/09/18,990.400024,992.789978,968.169983,974.190002,3411300
2017/09/19,977.25,978.23999,967.460022,969.859985,2671100
2017/09/20,971.789978,974.809998,962.159973,973.210022,2888800
2017/09/21,971.309998,971.700012,962.02002,964.650024,2337600
2017/09/22,961.01001,965.609985,954.419983,955.099976,2641800
2017/09/25,949.309998,949.419983,932.890015,939.789978,5124000
2017/09/26,945.48999,948.630005,931.75,938.599976,3564800
2017/09/27,948,955.299988,943.299988,950.869995,3148900
2017/09/28,951.859985,959.700012,950.099976,956.400024,2522600
2017/09/29,960.109985,964.830017,958.380005,961.349976,2543800
2017/10/02,964,967.309998,952.119995,959.190002,2442900
2017/10/03,958,963.690002,950.369995,957.099976,2666600
2017/10/04,954.210022,967.789978,954.049988,965.450012,2527400
2017/10/05,970,981.51001,969.640015,980.849976,3229200
2017/10/06,975.640015,995.75,975.640015,989.580017,3782100
2017/10/09,993.23999,998.5,987.5,990.98999,2938600
2017/10/10,996.669983,997.950012,980.099976,987.200012,3084900
2017/10/11,991.27002,995.5,986.700012,995,2337100
2017/10/12,996.809998,1008.440002,992.400024,1000.929993,4067300
2017/10/13,1007,1007.77002,1001.030029,1002.940002,2431500
2017/10/16,1008.440002,1009.570007,1001.039978,1006.340027,2008900
2017/10/17,1005.590027,1011.469971,1004.380005,1009.130005,2319700
2017/10/18,1009.27002,1022.309998,996.549988,997,2499700
2017/10/19,990,991.049988,980.23999,986.609985,3108200
2017/10/20,993.530029,994.619995,982,982.909973,2365100
2017/10/23,986.72998,986.780029,962.5,966.299988,3494100
2017/10/24,969,979.849976,965,975.900024,2723900
2017/10/25,978,984.440002,966.23999,972.909973,3033100
2017/10/26,980.330017,982.900024,968.549988,972.429993,5618700
2017/10/27,1058.140015,1105.579956,1050.550049,1100.949951,16565000
2017/10/30,1095.01001,1122.790039,1093.560059,1110.849976,6613100
2017/10/31,1109,1110.540039,1101.119995,1105.280029,3477000
2017/11/01,1105.400024,1108.969971,1096.73999,1103.680054,3755500
2017/11/02,1097.810059,1101.939941,1086.869995,1094.219971,3684900
2017/11/03,1091.150024,1112.680054,1088.52002,1111.599976,3751500
2017/11/06,1109.150024,1125.410034,1108.77002,1120.660034,3381100
2017/11/07,1124.73999,1130.599976,1117.5,1123.170044,2689000
2017/11/08,1122.819946,1135.540039,1119.109985,1132.880005,2581500
2017/11/09,1125.959961,1129.619995,1115.77002,1129.130005,3732700
2017/11/10,1126.099976,1131.75,1124.060059,1125.349976,2179900
2017/11/13,1123,1139.900024,1122.339966,1129.170044,2918400
2017/11/14,1130.109985,1138,1123.890015,1136.839966,3138400
2017/11/15,1127.01001,1131.75,1121.630005,1126.689941,3928700
2017/11/16,1130.160034,1138.160034,1130.050049,1137.290039,2213300
2017/11/17,1138.280029,1138.800049,1125.810059,1129.880005,2413400
2017/11/20,1129.77002,1133.420044,1122.550049,1126.310059,2163900
2017/11/21,1132.859985,1140,1128.199951,1139.48999,2479400
2017/11/22,1141,1160.27002,1141,1156.160034,3555300
2017/11/24,1160.699951,1186.839966,1160.699951,1186,3528000
2017/11/27,1202.660034,1213.410034,1191.150024,1195.829956,6744000
2017/11/28,1204.880005,1205.339966,1188.52002,1193.599976,4559400
2017/11/29,1194.800049,1194.800049,1145.189941,1161.27002,9257500
2017/11/30,1167.099976,1178.569946,1160,1176.75,4509200
2017/12/01,1172.050049,1179.650024,1152,1162.349976,4107100
2017/12/04,1173.849976,1175.199951,1128,1133.949951,5931900
2017/12/05,1128.26001,1159.27002,1124.73999,1141.569946,4079800
2017/12/06,1137.98999,1155.890015,1136.079956,1152.349976,2853300
2017/12/07,1156.589966,1163.189941,1151,1159.790039,2511600
2017/12/08,1170.400024,1172.790039,1157.099976,1162,3050100
2017/12/11,1164.599976,1169.900024,1157,1168.920044,2363500
2017/12/12,1166.51001,1173.599976,1161.609985,1165.079956,2235900
2017/12/13,1170,1170.869995,1160.27002,1164.130005,2616800
2017/12/14,1163.709961,1177.930054,1162.449951,1174.26001,3214300
2017/12/15,1179.030029,1182.75,1169.329956,1179.140015,4778600
2017/12/18,1187.369995,1194.780029,1180.910034,1190.579956,2947600
2017/12/19,1189.150024,1192.969971,1179.140015,1187.380005,2587800
2017/12/20,1190.5,1191,1176,1177.619995,2371200
2017/12/21,1175.900024,1179.170044,1167.640015,1174.76001,2123100
2017/12/22,1172.079956,1174.619995,1167.829956,1168.359985,1585100
2017/12/26,1168.359985,1178.319946,1160.550049,1176.76001,2005200
2017/12/27,1179.910034,1187.290039,1175.609985,1182.26001,1867200
2017/12/28,1189,1190.099976,1184.380005,1186.099976,1841700
2017/12/29,1182.349976,1184,1167.5,1169.469971,2688400
2018/01/02,1172,1190,1170.51001,1189.01001,2694500
2018/01/03,1188.300049,1205.48999,1188.300049,1204.199951,3108800
2018/01/04,1205,1215.869995,1204.660034,1209.589966,3022100
2018/01/05,1217.51001,1229.140015,1210,1229.140015,3544700
2018/01/08,1236,1253.079956,1232.030029,1246.869995,4279500
2018/01/09,1256.900024,1259.329956,1241.76001,1252.699951,3661300
2018/01/10,1245.150024,1254.329956,1237.22998,1254.329956,2686000
2018/01/11,1259.73999,1276.77002,1256.459961,1276.680054,3125000
2018/01/12,1273.390015,1305.76001,1273.390015,1305.199951,5443700
2018/01/16,1323,1339.939941,1292.300049,1304.859985,7220700
2018/01/17,1312.23999,1314,1280.880005,1295,5253800
2018/01/18,1293.949951,1304.599976,1284.02002,1293.319946,4026900
2018/01/19,1312,1313,1292.98999,1294.579956,4578500
2018/01/22,1297.170044,1327.449951,1296.660034,1327.310059,4140100
2018/01/23,1338.089966,1364.900024,1337.339966,1362.540039,5169300
2018/01/24,1374.819946,1388.160034,1338,1357.51001,6807500
2018/01/25,1368,1378.339966,1357.619995,1377.949951,4753000
2018/01/26,1392.01001,1402.530029,1380.910034,1402.050049,4857300
2018/01/29,1409.180054,1431.390015,1400.439941,1417.680054,5701900
2018/01/30,1403.170044,1439.25,1392,1437.819946,5871900
2018/01/31,1451.300049,1472.579956,1450.040039,1450.890015,6424700
2018/02/01,1445,1459.880005,1385.140015,1390,9113800
2018/02/02,1477.390015,1498,1414,1429.949951,11125700
2018/02/05,1402.619995,1458.97998,1320.719971,1390,11495000
2018/02/06,1361.459961,1443.98999,1351.790039,1442.839966,11066800
2018/02/07,1449,1460.98999,1415.150024,1416.780029,7162700
2018/02/08,1429.680054,1433.75,1349.939941,1350.5,8578600
2018/02/09,1373.48999,1383.5,1265.930054,1339.599976,14141500
2018/02/12,1364.670044,1393.810059,1344.01001,1386.22998,6738900
2018/02/13,1385.930054,1419.719971,1383.530029,1414.51001,5917900
2018/02/14,1406.25,1452.060059,1403.359985,1451.050049,5959200
2018/02/15,1466.890015,1468.939941,1436.839966,1461.76001,5652700
2018/02/16,1457.369995,1465.800049,1446.560059,1448.689941,4472600
2018/02/20,1446.48999,1488.77002,1446.48999,1468.349976,6499200
2018/02/21,1485,1503.48999,1478.920044,1482.920044,6304400
2018/02/22,1495.359985,1502.540039,1475.76001,1485.339966,4858100
2018/02/23,1495.339966,1500,1486.5,1500,4418100
2018/02/26,1509.199951,1522.839966,1507,1521.949951,4955000
2018/02/27,1524.5,1526.780029,1507.209961,1511.97998,4808800
2018/02/28,1519.51001,1528.699951,1512,1512.449951,4515000
2018/03/01,1513.599976,1518.48999,1465,1493.449951,6835200
2018/03/02,1469.099976,1501.050049,1455.01001,1500.25,6587600
2018/03/05,1494.23999,1525.380005,1481,1523.609985,5233900
2018/03/06,1533.199951,1542.130005,1528,1537.640015,4561700
2018/03/07,1526.52002,1545.900024,1522.51001,1545,4174100
2018/03/08,1550,1554.880005,1545.25,1551.859985,3862600
2018/03/09,1563.5,1578.939941,1559.079956,1578.890015,4534300
2018/03/12,1592.599976,1605.329956,1586.699951,1598.390015,5174200
2018/03/13,1615.959961,1617.540039,1578.01001,1588.180054,6531900
2018/03/14,1597,1606.439941,1590.890015,1591,4259400
2018/03/15,1595,1596.910034,1578.109985,1582.319946,4069700
2018/03/16,1583.449951,1589.439941,1567.5,1571.680054,5425000
2018/03/19,1554.530029,1561.660034,1525.349976,1544.930054,6580800
2018/03/20,1550.339966,1587,1545.410034,1586.51001,4581600
2018/03/21,1586.449951,1590,1563.170044,1581.859985,4750800
2018/03/22,1565.469971,1573.849976,1542.400024,1544.920044,6320600
2018/03/23,1539.01001,1549.02002,1495.359985,1495.560059,8006000
2018/03/26,1530,1556.98999,1499.25,1555.859985,5624700
2018/03/27,1572.400024,1575.969971,1482.319946,1497.050049,6999600
2018/03/28,1447,1455.900024,1386.170044,1431.420044,13705300
2018/03/29,1406,1455.469971,1365.199951,1447.339966,12581100
2018/04/02,1417.619995,1421.359985,1355,1371.98999,10463600
2018/04/03,1391.380005,1414,1355.329956,1392.050049,10231200
2018/04/04,1358.23999,1415.390015,1352.880005,1410.569946,6982300
2018/04/05,1441.98999,1459.560059,1427.069946,1451.75,6413500
2018/04/06,1429.969971,1452.5,1400.26001,1405.22998,5882300
2018/04/09,1425.030029,1438.47998,1402.569946,1406.079956,4208200
2018/04/10,1431.98999,1438.380005,1415.699951,1436.219971,4254100
2018/04/11,1439.439941,1448.780029,1424.890015,1427.050049,3582500
2018/04/12,1439.5,1452.119995,1435.060059,1448.5,3135000
2018/04/13,1449.140015,1459.780029,1424.52002,1430.790039,3685300
2018/04/16,1445,1447,1427.47998,1441.5,2808600
2018/04/17,1462.300049,1507.189941,1457.02002,1503.829956,5114400
2018/04/18,1514.650024,1533.800049,1504.109985,1527.839966,5227500
2018/04/19,1543.219971,1568.52002,1539.060059,1556.910034,6523700
2018/04/20,1561.199951,1561.199951,1516.089966,1527.48999,5541600
2018/04/23,1546.689941,1548,1503.410034,1517.859985,4465400
2018/04/24,1535.800049,1539.5,1448.449951,1460.089966,7494700
2018/04/25,1458,1469.98999,1415.02002,1460.170044,6587300
2018/04/26,1485.01001,1529.420044,1478.5,1517.959961,8801100
2018/04/27,1634.01001,1638.099976,1567.390015,1572.619995,13004300
